Cliftlands|Bolderfall|Right of the Inn
Cliftlands|Bolderfall|Inside Nobleman's House
Cliftlands|Bolderfall|Left of Ravus Manor gate, visible from entrance to area
Cliftlands|Bolderfall|Left of Ravus Manor itself, near the cliff edge
Frostlands|Flamesgrace|Inside the Cathedral, just inside the gate around the Sacred Flame, on the left side, near the wall
Frostlands|Flamesgrace|Inside the Cathedral, to the right of the Cleric, against the wall, almost right between the large pillars, near the gray area
Frostlands|Flamesgrace|Inside the Cathedral, left of the pews, behind the 2nd big pillar (almost completely hidden)
Riverlands|Clearbrook|East side of town, against a staircase, not far from the edge of town
Riverlands|Clearbrook|Behind a tree by the pier, difficult to spot at first
Riverlands|Clearbrook|Inside Zeph's house (door is guarded by Zeph himself, 4/10 Difficulty)
Sunlands|Sunshade|Inside the Tavern, up the stairs to the left and down the short, wooden path
Sunlands|Sunshade|Inside the house guarded by the Dancer (near the entrance to town) (Difficulty: 1/10)
Highlands|Cobbleston|Inside the house guarded by the Village Headman (Difficulty: 1/10)
Highlands|Cobbleston|Inside the house guarded by the Captain of the Watch (Difficulty: 4/10)
Woodlands|S'warkii|Right in front of Inn (partially concealed by Tavern building)
Woodlands|S'warkii|In front of the Tavern, in the bottom-right-most corner of S'warkii
Woodlands|S'warkii|Inside the guarded house (Villager guarding it is Strength 1/10)
Flatlands|Atlasdam|In the palace, immediate left on the first floor, group of 3 chests
Flatlands|Atlasdam|Chest #2 of group mentioned above
Flatlands|Atlasdam|Chest #3 of group mentioned above
Flatlands|Atlasdam|In the palace, immediate right on the first floor, just past the torch in the only alcove without an NPC
Coastlands|Rippletide|Across from the Armory, next to a bench, along the wall
Coastlands|Rippletide|Inside the Tavern, directly left of the Barkeeper
Coastlands|Rippletide|In front of the Inn, partially hidden from view by a pair of crates
Coastlands|Rippletide|Directly in front of the Tavern, JUST to the right of the door, partially hidden
Riverlands|Saintsbridge|Inside the house between the Inn and the Provisioner, upper-right corner
Riverlands|Saintsbridge|Against the right wall of the log cabin above the Inn / Armory / Provisioner area (blends in with the stick bundles)
Riverlands|Saintsbridge|In the upper-most house, next to the Cathedral
Riverlands|Saintsbridge|In the plaza, behind the bushes (go the far left of the bushes, then you can go down and in front of the bushes)
Riverlands|Saintsbridge|Against the left wall inside the Cathedral, in the upper-left corner, against the right wall of the left-side room
Riverlands|Saintsbridge|Inside the Cathedral, on the right side, between the two rows of thick and thin pillars, against the upper wall
Woodlands|Victors Hollow|Inside the house in the Arena Gate area, guarded by the Barker (Difficulty: 6/10)
Woodlands|Victors Hollow|In the Arena, in the waiting room to the left of the large door leading into the Arena proper
Woodlands|Victors Hollow|In the Arena, in the waiting room to the right of the large door leading into the Arena proper
Woodlands|Victors Hollow|Inside the Orphanage, guarded by the Orphanage Matron (Difficulty: 6/10)
Highlands|Stonegard|In front of the Tavern, by the stack of barrels
Highlands|Stonegard|Stonegard Valleys, inside the last house (guarded by Elderly Shopowner / Ruffian, depending on Quest)
Highlands|Stonegard|Stonegard Heights, against the left wall of the right-most mansion
Coastlands|Goldshore|Inside the Tavern, against the southern wall, in the corner
Coastlands|Goldshore|Inside the house next to the Provisioner (the one from Alfyn's Chapter 2), against the back wall
Coastlands|Goldshore|Behind the tree near the tavern (go under the tavern hanging sign, then left behind the tree)
Coastlands|Goldshore|Next to the guarded house, in the gap between the stairs and the house
Coastlands|Goldshore|In front of the house to the right of the Cathedral, against the left wall, behind the tree
Coastlands|Goldshore|To the left of the Cathedral (mostly obscured by the trees)
Coastlands|Goldshore|In the left-side room, behind the left-hand bed, against the back wall
Coastlands|Goldshore|To the right of the Flame itself, against the right-hand wall, near one of the support pillars
Coastlands|Goldshore|Between the right-most row of pillars (the thinner ones) in-between the first and second pillar
Flatlands|Noblecourt|Inside the small house guarded by the Elderly Woman (Difficulty: 6/10)
Flatlands|Noblecourt|In the bottom-right corner of the graveyard
Flatlands|Noblecourt|South of Orlick's Manse, partially hidden by a tree
Flatlands|Noblecourt|Just to the left of the entrance to the mansion north of the Armory, behind a tree
Sunlands|Wellspring|Inside the left-most guarded house (Difficulty: 4/10), against the left wall
Sunlands|Wellspring|Inside the left-most guarded house (Difficulty: 4/10), against the right wall
Sunlands|Wellspring|Inside the Barracks, against the back-left corner
Sunlands|Wellspring|Down the lower path, in-between the two stalls against the oasis water's edge
Cliftlands|Quarrycrest|To the right of the Inn, hidden behind the rock pillar
Cliftlands|Quarrycrest|Just to the right of the guarded house
Cliftlands|Quarrycrest|Inside the house up the ramp behind the Provisioner (the house from Cyrus' Chapter 2)
Cliftlands|Quarrycrest|Down the ramp to the left of the Tavern, against the back cliff
Cliftlands|Quarrycrest|Across the short bridge just to the left of the Tavern
Cliftlands|Quarrycrest|On the wooden scaffold at the highest point in town, south of the Questgiver (across the bridge)
Frostlands|Stillsnow|Inside the Tavern, at the top of the stairs on the left
Frostlands|Stillsnow|Inside the building right by the entrance to Primrose's Chapter 2 Area
Frostlands|Stillsnow|Inside the house guarded by the Townsperson (Difficulty: 4/10)
Frostlands|Stillsnow|Inside the church in the upper-right corner of town
Frostlands|Stillsnow|Inside the mansion near the entrance to Trail to the Whitewood
Cliftlands|Orewell|Inside the house just above the Inn, past the guarded door (Difficulty: 6/10)
Cliftlands|Orewell|Inside the house by the Save Point, against the back wall on the right
Cliftlands|Orewell|Inside the guarded house between the Tavern and General Store (Difficulty: 7/10)
Cliftlands|Orewell|Inside the Tavern (go around the back of the table to reach it)
Woodlands|Duskbarrow|Just to the right of the large stone statue in the middle of town
Woodlands|Duskbarrow|South of the stone statue in the center of town, a little bit left, between a bush and a bit of pillar
Woodlands|Duskbarrow|Upper-left corner of the town, down the path past the guarded house
Riverlands|Riverford|Inside the house guarded by the Townsperson in the front part of town (Diffculty: 8/10)
Riverlands|Riverford|Lower Riverford, go down the first staircase, to the left
Riverlands|Riverford|Inside the guarded house right by the Save Point (Diffculty: 8/10)
Flatlands|Wispermill|In front of the General Store, almost directly below the sign itself
Frostlands|Northreach|Inside the Tavern, in the bottom-left corner
Frostlands|Northreach|Inside the guarded house to the left of the Provisioner (Difficulty: 6/10)
Frostlands|Northreach|Inside the far-right house in the front part of town
Frostlands|Northreach|End of the path before it goes upward towards the...cellars, oddly enough.
Frostlands|Northreach|Just right of the cellar building (inside Therion's Chapter 4 area)
Highlands|Everhold|Just to the left of the guarded house
Highlands|Everhold|Just to the right of the Save Point
Highlands|Everhold|In the Amphitheatre, against the right wall, 1st floor
Coastlands|Grandport|Hidden behind some supplies to the left of the Tavern
Coastlands|Grandport|At the top of the stairs down to the church
Coastlands|Grandport|Left of the church (go along the beach)
Coastlands|Grandport|Market docks, buried in the supplies on the right
Coastlands|Grandport|Back of the Bazaar, left chest
Coastlands|Grandport|Back of the Bazaar, right chest
Coastlands|Grandport|In the guarded house, between the beds (Difficulty: 8/10) (Guide/Allure woman inside to get her to move)
Sunlands|Marsalim|Just left of the building above the Armory
Sunlands|Marsalim|In the 2nd floor of the palace, right-side room, one of three chests
Sunlands|Marsalim|2nd chest of the row above
Sunlands|Marsalim|3rd chest of the ones above
Sunlands|Marsalim|Behind the throne inside the palace
Sunlands|Marsalim|In the market square, against the stairs on the right, hidden behind the green-hat merchant
Sunlands|Marsalim|Inside the guarded house in the market, behind the woman (Allure/Guide her to reach the chest)
Highlands|Mountain Pass|Directly north of the entrance from Cobbleston, hidden by the fog
Highlands|Mountain Pass|A grassy path along the southern path, going south off the main path
Highlands|Mountain Pass|Down a path to the right after the first set of north-bound steps, across from the 'flag'
Highlands|Mountain Pass|Down a short path right outside the Brigands' Den (visible as you approach)
Highlands|Brigands' Den|Left-most path, up the stairs, then u-turn back down a narrow rock path
Highlands|Brigands' Den|Left path to the supply area, top level, chest at the path's end
Highlands|Brigands' Den|Right-hand path, then up through the arch with the torch nearby
Highlands|Brigands' Den|Slightly hidden ramp just below the Save Point
Highlands|Brigands' Den|Right-hand path, arch with the torch, hidden path to the right of the torch
Highlands|South Cobbleston Gap|Across from the entrance to Eastern Sunshade Sands
Highlands|South Cobbleston Gap|Grassy area down the left-facing paths once you leave Cobbleston
Highlands|South Cobbleston Gap|Grassy area south of the signpost, down a shallow ramp
Highlands|South Cobbleston Gap|From path above, go the other way, through the doorway-like opening (chest visible behind a fence)
Highlands|South Cobbleston Gap|Near the North Cobbleston Gap entrance, hidden path across from the first green 'flag'
Highlands|North Cobbleston Gap|First downward ramp (grassy) off the main path from South Cobbleston Gap
Highlands|North Cobbleston Gap|Hidden path down, against the rocks next to the chest above
Highlands|North Cobbleston Gap|Small alcove near entrance to Untouched Sanctum (hidden entrance between rocks along main path)
Highlands|North Cobbleston Gap|Just south of the Signpost, in the direction of Rippletide
Highlands|North Cobbleston Gap|In a bush, across the bridge near the entrance from East Rippletide Coast
Highlands|Untouched Sanctum|Down the south path from the Save Point, then right at the fork
Highlands|Untouched Sanctum|South of the Save Point, by the stone carving for "Noelle, Seeker of Knowledge (l)"
Highlands|Untouched Sanctum|End of the winding path, in the clearing with the picnic-like setup, upper-left corner
Highlands|Untouched Sanctum|End of the winding path, in the clearing with the picnic-like setup, bottom-right corner
Highlands|Untouched Sanctum|Left of the Save Point and up the path to the North
Highlands|Untouched Sanctum|Directly left of the chest above (hidden path in the left wall)
Riverlands|Path of Rhiyo|Directly across from the entrance from Clearbrook, ramp down hidden between two trees, small clearing
Riverlands|Path of Rhiyo|In a small clearing on the island where the two bridges both connect
Riverlands|Path of Rhiyo|West of the Save Point, around the rocks (hidden path), across from the Cave of Rhiyo entrance
Riverlands|Cave of Rhiyo|Immediate left once you enter the Cave
Riverlands|Cave of Rhiyo|Down the ramp just south of the first set of stairs you see
Riverlands|Cave of Rhiyo|Up the first two staircases, then left through a hidden gap (by the torch) and loop around the rock
Riverlands|Cave of Rhiyo|Up a set of stairs just north of the first bridge, chest is on a small ledge
Riverlands|Cave of Rhiyo|Down from the first set of stairs after crossing the bridge, down a small ramp, near the water
Riverlands|Cave of Rhiyo|Near the final branch in the path (merchant visible in background) head down a ramp near a waterfall
Riverlands|Cave of Rhiyo|Right of the merchant, hidden path through the archway before the final clearing
Riverlands|Cave of Rhiyo|Just left of the Save Point (visible by Save Point and briefly on the way down from the bridge)
Riverlands|West Clearbrook Traverse|Just south of the entrance from South Bolderfall Pass, south past the bridge, near the river
Riverlands|West Clearbrook Traverse|South, across the bridge from the save point and down a short ramp, just around the side of it
Riverlands|West Clearbrook Traverse|Down the second bridge south as you leave Clearbrook, then to the left at the end of an outcrop
Riverlands|South Clearbrook Traverse|Down a small ramp right from the entrance to West Clearbrook Traverse
Riverlands|South Clearbrook Traverse|Left of the Save Point after the bridge
Riverlands|South Clearbrook Traverse|Down a short bridge on the path from Saintsbridge
Riverlands|South Clearbrook Traverse|Just across from the entrance from East Saintsbridge Traverse
Sunlands|Southern Sunshade Sands|Directly north of the entrance from South Clearbrook Traverse
Sunlands|Southern Sunshade Sands|Just south of the exit from Sunshade Catacombs, Save Point visible in background from chest's location
Sunlands|Southern Sunshade Sands|Directly south of Sunshade, hidden behind a short pillar of rock
Sunlands|Sunshade Catacombs|Directly below the entrance from Sunshade
Sunlands|Sunshade Catacombs|Up the stairs after going under the stone arches (can see it faintly above you as you pass)
Sunlands|Sunshade Catacombs|To the right of the Save Point, on the opposite side of the stairs
Sunlands|Sunshade Catacombs|Down the stairs from Save Point, follow path to area under start, hidden path to left
Sunlands|Eastern Sunshade Sands|Just to the left of the Whistling Cavern
Sunlands|Eastern Sunshade Sands|Just to the right of the Whistling Cavern, under an arch with sand falling off it
Sunlands|Eastern Sunshade Sands|Directly west of the entrance from South Cobbleston Gap
Woodlands|West S'warkii Trail|Near the Save Point, slightly north of it
Woodlands|West S'warkii Trail|Left-most grassy trail, west of the Signpost near the trail to Victors Hollow
Woodlands|West S'warkii Trail|Small dead-end near the entrance to North S'warkii Trail, by the Signpost
Woodlands|North S'warkii Trail|Small alcove near entrance to West S'warkii Trail
Woodlands|North S'warkii Trail|Just east (at the top) of the arching part with the railing on the western side of the area
Woodlands|North S'warkii Trail|Near entrance to Western Flamesgrace Wilds, slight dead-end just west of the first snow-covered tree
Woodlands|North S'warkii Trail|Near entrance to S'warkii, small clearing just right of the entrance
Woodlands|Path to the Whisperwood|Small dead-end directly across from the entrance to S'warkii
Woodlands|Path to the Whisperwood|Corner of forested area just north of entrance to S'warkii (small ramp along northern edge of path)
Woodlands|Path to the Whisperwood|Dead-end path near part where the main path first turns straight west
Woodlands|Path to the Whisperwood|Short dead-end where the path turns directly south for the first time
Woodlands|The Whisperwood|Directly north of the entrance to Path to the Whisperwood, end of a long dead-end
Woodlands|The Whisperwood|South-western-most corner (go straight west from entrance, small lower path)
Woodlands|The Whisperwood|Just east of the Save Point in a small clearing
Woodlands|The Whisperwood|Top of a hill directly east of the Save Point (path is between two rocks)
Woodlands|The Whisperwood|South of the Save Point (dead-end path, just before the Save Point + Torches)
Woodlands|The Whisperwood|Follow the path left, then take the first left after it turns north
Woodlands|Path of Beasts|At the first intersection, go down, then follow the path left
Woodlands|Path of Beasts|Up at the first intersection, then left at the second one (the one without torches, just sunlight)
Woodlands|Path of Beasts|Same as previous chest, but go right instead of left at the second intersection
Woodlands|Path of Beasts|Up at the second intersection, then hidden path along the left side of the path going upward
Flatlands|North Atlasdam Flats|Near entrance to Northern Flamesgrace Wilds (down a ramp, then a second ramp hidden against the wall)
Flatlands|North Atlasdam Flats|Near a stone spire close to the Save Point (hidden ramp just south of it)
Flatlands|Subterranean Study|Immediately on the left as you enter, down a short path
Flatlands|Subterranean Study|Up the first ramp (by the first torch) and straight forward, under the string of lights overhead
Flatlands|Subterranean Study|At the 3-pronged path (under the lights) keep going forward, follow the path around to the chest above
Flatlands|Subterranean Study|At the 3-pronged path above, go a bit past the ramp, then right BEHIND the ramp is a path to the chest
Flatlands|Subterranean Study|Right of the first set of actual stairs, down a short dead-end path (just before the Save Point)
Flatlands|Subterranean Study|Just past the Save Point, forward and around a corner
Flatlands|Subterranean Study|East of the Save Point. past the end-area and keep going east, then down a small ramp south
Flatlands|East Atlasdam Flats|Just outside the Atlasdam stone bridge, directly south of the save point
Flatlands|East Atlasdam Flats|Just down the path from Atlasdam, grassy path to the right of the main path
Flatlands|The Whistlewood|Near the entrance, up from the first torch, visible on the right
Flatlands|The Whistlewood|From the second torch after entering, follow the path down and around the lake's edge
Flatlands|The Whistlewood|Upward path through the arch, between the 3rd and 4th torches, then go right (hidden path)
Flatlands|The Whistlewood|Follow the torch-lit path, just northwest of the 5th torch (slightly above a section of broken fence)
Flatlands|The Whistlewood|Go down from the 5th torch, then slightly right as the path curves a bit, hidden in semi-darkness
Frostlands|Path to the Cave of Origin|On a slight dip below the main path, close to the entrance
Frostlands|Path to the Cave of Origin|Eastern-most point in the area, about halfway up the path, small turn-around on that side
Frostlands|Path to the Cave of Origin|In front of the Cave of Origin, on the left-hand side
Frostlands|Cave of Origin|Just inside the Cave of Origin (at first branch in the path, go left)
Frostlands|Cave of Origin|End of a short dead-end path, just south of the first staircase you encounter
Frostlands|Cave of Origin|Just to the right of the first staircase (ramp is hidden, walk along north side of path to the right of the staircase)
Frostlands|Cave of Origin|Top of the second staircase (the first short one), gap between the rocks on the right, ramp leads up to it
Frostlands|Cave of Origin|Short path downward (just before the Save Point)
Frostlands|Western Flamesgrace Wilds|Directly north of entrance to North S'warkii Trail (go around path's first turn)
Frostlands|Western Flamesgrace Wilds|Just east of Hoarfrost Grotto, in a small clearing below
Frostlands|Western Flamesgrace Wilds|Just above Hoarfrost Grotto, in a small clearing off to the right
Frostlands|Western Flamesgrace Wilds|Along upper part of the path, west-side outcrop across from where it meets Northern Flamesgrace Wilds
Frostlands|Northern Flamesgrace Wilds|Just west of the Save Point, to the south when the path splits north/south
Frostlands|Northern Flamesgrace Wilds|In a clearing just north of Flamesgrace, past the Save Point, path wraps around it
Frostlands|Northern Flamesgrace Wilds|Just below the last set of stairs leading out of Flamesgrace, down a small ramp
Cliftlands|Ravus Manor|First half, first floor, library area on left side
Cliftlands|Ravus Manor|First half, second floor, right-most room by the bed
Cliftlands|Ravus Manor|First half, second floor, left of the entrance to the back half of the Manor
Cliftlands|Ravus Manor|Second half, first floor (one you start on), right-most room
Cliftlands|Ravus Manor|Second half, second floor, just outside the 2-part room
Cliftlands|Ravus Manor|Second half, second floor, end of balcony overlooking the Dragonstones
Cliftlands|Ravus Manor|Second half, first floor, under the stairs by the Dragonstone room
Cliftlands|North Bolderfall Pass|Near entrance to Bolderfall, down ramp right outside the town
Cliftlands|North Bolderfall Pass|Hidden path (left of where the trail goes right with the rope railing) and up a pair of ramps
Cliftlands|North Bolderfall Pass|Near entrance to South Bolderfall Pass, down a small ramp from the other side of the last small bridge
Cliftlands|South Bolderfall Pass|Right near the Save Point, directly next to the bridge
Cliftlands|South Bolderfall Pass|Across the bridge from the Save Point, then up the ramp under the arch, then left on the cliff edge
Cliftlands|South Bolderfall Pass|Down the ramps towards Carrion Caves, on a wooden platform under the first ramp
Cliftlands|South Bolderfall Pass|Near entrance to West Clearbrook Traverse, directly above it, behind the first ramp down
Coastlands|North Rippletide Coast|Right of the path, right next to the entrance to East Atlasdam Flats
Coastlands|North Rippletide Coast|On the beach, down a small ramp directly south of the Save Point
Coastlands|North Rippletide Coast|Just south of Undertow Cove, on the same beach (where the path doubles back on itself)
Coastlands|East Rippletide Coast|On a beach south of the Save Point and down the stairs (to the left of the bridge)
Coastlands|East Rippletide Coast|On the beach to the right of the bridge, down a long, stone ramp
Coastlands|East Rippletide Coast|Other side of a ramp near the entrance from North Cobbleston Gap, left when the main path goes right
Coastlands|Path to the Caves of Maiya|Down the first ramp from the entrance, on the beach
Coastlands|Path to the Caves of Maiya|Down the second ramp from the entrance, at the path's end
Coastlands|Path to the Caves of Maiya|Go up from the stairs downward to the Caves proper, and follow the upward path to a small alcove
Coastlands|Path to the Caves of Maiya|Across from the Caves entrance, go around the stairs and onto the beach, half-buried in sand
Coastlands|Caves of Maiya|Hidden path across from the entrance, follow it to the left and around a curve
Coastlands|Caves of Maiya|As you follow the path, first upward path (torch by the path), chest visible on the way there
Coastlands|Caves of Maiya|On the docks, starting just west of the path of the chest above
Coastlands|Caves of Maiya|Hidden path just south of the Save Point (on the right), follow the path to the end
Coastlands|Caves of Maiya|Path to the left of the Save Point, before the final area, just follow the path to the end
Cliftlands|Road to Morlock's Manse|When the path goes north towards the Manse, follow it down, and onto a wooden path on the right
Cliftlands|Road to Morlock's Manse|Up the wooden stairs along the path (under the wooden platform with the purple crystal on it)
Cliftlands|Road to Morlock's Manse|End of the winding path by the last Save Point, by the Manse itself
Cliftlands|Morlock's Manse|Left-side room as you enter and go up the stairs, near the back window
Cliftlands|Morlock's Manse|Room on the lowest floor, behind the table, against the back wall
Cliftlands|Morlock's Manse|In the room behind the first Save Point (directly north of the Save Point)
Cliftlands|Morlock's Manse|From the chest above, hidden doorway in the upper-left corner, against the left wall, chest is in upper-left corner
Cliftlands|Morlock's Manse|Inside the room along the balcony from the Save Point room, near the fireplace
Cliftlands|Morlock's Manse|Room on the immediate left as you enter the second half, behind the table
Cliftlands|Morlock's Manse|Second room after you climb the stairs by the second half entrance, near the back crates
Cliftlands|Morlock's Manse|By the Save Point, on the other side of the large doorway, hidden in the shadows in the lower-left corner
Cliftlands|The Sewers|First path down after you enter, past the first Save Point
Cliftlands|The Sewers|Down from the waterfall, then down the stairs to the right
Cliftlands|The Sewers|Below the first room, dramatically placed between the two torches
Cliftlands|The Sewers|Inside the first room, near the back-left corner
Cliftlands|The Sewers|Across the bridge to the left of the first room, then up against the back wall
Cliftlands|The Sewers|From the chest above, go left and around the final room (hidden path against upper wall)
Cliftlands|The Sewers|Down the stairs by the last Save Point, down the narrow left path
Cliftlands|Carrion Caves|Across the bottom path across the cave, bottom-right corner of the dungeon
Cliftlands|Carrion Caves|Narrow, winding path, north of the Purple chest, down a short side-path, upper-left corner of the dungeon
Cliftlands|Carrion Caves|Path directly to the right of the Save Point, goes along the top of the dungeon after a ramp
Cliftlands|Carrion Caves|In the clearing where the Boss is located
Cliftlands|Carrion Caves|Hidden path below the 4th torch as you go up the ramps, into the darkness, end of the path
Coastlands|Road to the Caves of Azure|Up the narrow gap in the rocks from the entrance, through the winding, hidden path
Coastlands|Road to the Caves of Azure|Down the lower path when the main path forks into two wide paths
Coastlands|Road to the Caves of Azure|After you cross the bridge, take the lower path down
Coastlands|Caves of Azure|Down the path from the first Save Point, then left along the winding path
Coastlands|Caves of Azure|North of the first Save Point, along the winding path (faintly visible from Save Point)
Coastlands|Caves of Azure|Along the bridge lower down, then along the lowest path to the bottom-right corner of the dungeon
Coastlands|Caves of Azure|Follow the northern, winding path, then follow the hidden path north of the green frond plant
Flatlands|Orlick's Manse|Up the stairs as you enter, then u-turn and go down the southern hallway
Flatlands|Orlick's Manse|Second floor, left-most room, against the back wall
Flatlands|Orlick's Manse|Second floor, 2nd room from the left, to the right of the fireplace
Flatlands|Orlick's Manse|Against the wall under the stairs, on the left side of the room
Flatlands|Orlick's Manse|Second floor, back of the long room, against the back wall
Flatlands|Orlick's Manse|Right-most room, then through the doorway on the left wall into a hidden room
Flatlands|Orlick's Manse|First floor, down the stairs, by the desk near the center of the room
Flatlands|The Hollow Throne|Up the stairs by the Save Point at the entrance, hidden path against the right-hand wall
Flatlands|The Hollow Throne|Bottom-left corner of the dungeon, on the 1st floor
Flatlands|The Hollow Throne|Up the ramp that's left of the overgrown stone arch
Flatlands|The Hollow Throne|In a stone alcove between the 1st floor staircases (go up to the 2nd floor, left, then down the right stairs to get to it)
Flatlands|The Hollow Throne|3rd floor, alcove on the right (use the right-side stairs to reach it)
Flatlands|The Hollow Throne|4th floor, u-turn after the stairs from the 3rd floor, chest is under the narrow arch
Flatlands|The Hollow Throne|Very top of the dungeon, right of the throne
Flatlands|The Hollow Throne|Left of the last stairs before the throne (hidden in shadows)
Sunlands|Whistling Cavern|As you enter, take the left path and stay left until the end of the path along the edge of the dungeon
Sunlands|Whistling Cavern|In the left 'branch' of paths, take the short ramp on the left, follow the path to the clearing in back
Sunlands|Whistling Cavern|Left 'branch' of paths, go past the small ramp, down the hall, hidden path to the right
Sunlands|Whistling Cavern|Go down the right paths (bordered by stalagmites), go down along the wall, follow the path down (hidden path in left wall)
Sunlands|Whistling Cavern|Go down the right paths (bordered by stalagmites), go to the wall, follow it up, chest is partially hidden behind a rock on the cliff
Highlands|Tomb of Kings|Up the stairs from the entrance, then left along the 2nd floor
Highlands|Tomb of Kings|From the previous chest, up into the alcove, then hidden arch under the stairs, then down
Highlands|Tomb of Kings|From previous chest, back under the stairs, then up while still under the stairs
Highlands|Tomb of Kings|3rd floor, right side, in the upper-right corner of the area around the top of the stairs
Highlands|Tomb of Kings|4th floor, up the left staircase from the 3rd floor, then ignore the next stairs and go left
Highlands|Tomb of Kings|4th floor, up the right staircase, on the small upraised platform with the railing
Highlands|Tomb of Kings|5th floor, in the back, against the wall
Riverlands|Murkwood Trail|Right near the main path, after going down the first few ramps
Riverlands|Murkwood Trail|Where the main path reaches the lowest point (ramp is partially behind a rock pillar), down the grassy side path
Riverlands|Murkwood Trail|Hidden path directly left of the Save Point before The Murkwood bridge
Riverlands|Twin Falls|North of the first Save Point, against the left wall, hidden path (visible from first left path at start)
Riverlands|Twin Falls|North of the first Save Point, left at the fork, end of the short path, against the stalagmites
Riverlands|Twin Falls|North of the first Save Point, right at the fork, then take the lower path
Riverlands|Twin Falls|Right at the Save Point, then right at the fork after that, end of a lower path
Riverlands|Twin Falls|South of the Boss area, down the south-east path, in a small outcrop along the path (Boss clearing visible in background)
Riverlands|Twin Falls|Down the south-west path from the Boss clearing area, along the left-most edge of the dungeon
Riverlands|Twin Falls|In the Boss Clearing
Riverlands|Twin Falls|Past the Boss Clearing, hidden path against the right wall of the clearing
Riverlands|The Murkwood|Directly left as you enter, at the first torch, follow the short grassy path along the river
Riverlands|The Murkwood|Left from the entrance, go north and stay along the riverside the whole way
Riverlands|The Murkwood|Right from the entrance, through the arch, then down at the fork after the arch
Riverlands|The Murkwood|Up from the northern Save Point, left at the torch and down the long, misty path
Riverlands|The Murkwood|By the eastern river, north along bank on the left side
Riverlands|The Murkwood|Bottom-right corner of the dungeon, across a grassy bridge over the river, under an outcrop
Riverlands|The Murkwood|Just north of the chest above, short bridge over the river, follow the path north
Riverlands|The Murkwood|Hidden path to the right, behind the arch of rocks, just before the Boss clearing
Riverlands|The Murkwood|Left of the final Save Point, follow the path left, then down the ramp into the dark part of the forest, into a grassy dead-end
Frostlands|Road to the Obsidian Parlor|Hidden to the far left of the Parlor's entrance, behind some trees, against the outer wall
Frostlands|Road to the Obsidian Parlor|Near the entrance from Stillsnow, up a ramp leading north, in a small, snowy clearing
Frostlands|Road to the Obsidian Parlor|Down the narrow ramp next to the Save Point, in a small clearing
Frostlands|Secret Path|Down the stairs to the immediate right from the entrance, end of the short path
Frostlands|Secret Path|Down the stairs from the first Save Point, then down the ramp just south of those stairs
Frostlands|Secret Path|Down the stairs from the first Save Point, then to the right
Frostlands|Secret Path|Across the bridge, then down a hidden path to the south (hidden by the cliff)
Frostlands|Secret Path|Across the bridge, then down the stairs you see to the north
Frostlands|Secret Path|Down the stairs north of the first Save Point
Frostlands|Secret Path|Down the short staircase near the entrance to the Obsidian Parlor, a bit south of the entrance
Frostlands|Secret Path|Path across from the entrance to the Obsidian Parlor, at the path's end
Frostlands|Hoarfrost Grotto|Follow the path south of the first Save Point (under the bridge and through the hidden bit)
Frostlands|Hoarfrost Grotto|Directly south-east of the first Save Point, down a short path (Save Point still visible in background)
Frostlands|Hoarfrost Grotto|Path south of the first Save Point, then right, and right again after a ramp back up
Frostlands|Hoarfrost Grotto|Hidden path just north of the chest above, to the right, in the rocks
Frostlands|Hoarfrost Grotto|Upper-right part of the main looping path, upward path, leads along upper edge of dungeon
Frostlands|Hoarfrost Grotto|Path south of the Boss clearing, down a ramp and a short path
Highlands|Spectrewood Trail|Near the entrance, just to the north, a gap in the rocks by the first tree you can see
Highlands|Spectrewood Trail|In the grassy field between the Stonegard path and the Spectrewood entrance, against the northern cliff
Highlands|Spectrewood Trail|In the grassy field, take the ramp upward (before the green flag), chest is in the fog past the arch
Highlands|The Spectrewood|Up from the first Save Point, and keep left, in a small grassy alcove
Highlands|The Spectrewood|From the chest above, back down the path, then go right and follow the new path north to a clearing
Highlands|The Spectrewood|Directly left of the final Save Point (go down, left, then loop back around to reach it along a grassy path)
Highlands|The Spectrewood|Under the arch in the bottom-right of the dungeon, hidden path left of the torch by the broken pillar
Highlands|The Spectrewood|From the visible chest under the arch, south a bit, then east, up a grassy slope, dark grassy area
Highlands|North Stonegard Pass|Directly east of the Signpost, through a hidden path under the rocky arch, in a patch of grass
Highlands|North Stonegard Pass|Short path near the entrance from West Stonegard Pass, down a ramp, in front of the tree
Highlands|North Stonegard Pass|Right near the entrance from Moonstruck Coast, on a small grassy patch to the left
Highlands|West Stonegard Pass|Near the Eastern Wellspring entrance, up the first ramp then left, behind the green flag
Highlands|West Stonegard Pass|From the Eastern Wellspring entrance, left at the last fork before the 1st bridge
Highlands|West Stonegard Pass|From the North Stonegard entrance, down, then down the ramp when the path goes left
Riverlands|East Saintsbridge Traverse|Across from the entrance from South Clearbrook Traverse, past the bridge, down a grassy ramp
Riverlands|East Saintsbridge Traverse|Just down the ramp from the Save Point, before the bridge, by a tree to the right
Riverlands|East Saintsbridge Traverse|By the River Dweller (Quest-giver) just past him, along the riverbank
Riverlands|Farshore|From the first Save Point, go up the northern bridge and u-turn past the torch
Riverlands|Farshore|From the first Save Point, go up the northern bridge, then take the left fork when the path splits after the torch
Riverlands|Farshore|Up the northern bridge, right after the torch, then directly south until you reach the water's edge
Riverlands|Farshore|From the Unsavory Man, go right off the bridge, down the narrow path, then right (hidden path in the wall)
Riverlands|Farshore|From the final clearing, go south, past the bridge, small ramp on the right, near the water
Riverlands|Farshore|Directly left of the Unsavory Man, in a short, dead-end path
Riverlands|Farshore|Across the lower bridge as you enter, then ignore the northern bridge and go right
Riverlands|Rivira Woods|From the entrance, take the downward path, follow it all the way down, ignoring the upward ramp
Riverlands|Rivira Woods|Left path from the entrance, then left again at the intersection
Riverlands|Rivira Woods|Left path from the entrance, then right at the intersection
Riverlands|Rivira Woods|Upper path at entrance, then right at the fork, chest is sitting in the grass on the right
Riverlands|Rivira Woods|Upper path at entrance, then right at the fork, follow it the path all the way up
Riverlands|Rivira Woods|Upper path at entrance, then right at the fork, then take the left ramp up, and follow that upper path all the way to the left
Riverlands|Rivira Woods|Upper path at entrance, then left at the fork, then up the left-side ramp when the path turns upward again
Riverlands|Rivira Woods|Along the main, torch-lit path, second-to-last downward path before the final Save Point
Frostlands|Western Snowstill Wilds|Behind a pine tree to the right of the frozen lake, near the entrance from East Victor's Hollow Trail
Frostlands|Western Snowstill Wilds|Against a curve of rocks south of the frozen lake, up the hill
Frostlands|Western Snowstill Wilds|On the frozen pond, directly south of the Tomb of the Imperator
Frostlands|Western Snowstill Wilds|Up from the Save Point near the Tomb, then all the way to the left after ascending the cliff
Frostlands|Tomb of the Imperator|Up the path north of the entrance, follow it down the stairs
Frostlands|Tomb of the Imperator|At the 3rd torch, go back up the stairs, and follow the northern path (chest easily visible)
Frostlands|Tomb of the Imperator|Just north of the 4th torch, on the right side of the staircase
Frostlands|Tomb of the Imperator|Path south of the 5th torch (end of the longest part of the path)
Frostlands|Tomb of the Imperator|Up the stairs from the 5th torch, then left and down (visible as you approach)
Frostlands|Tomb of the Imperator|From the previous chest, up the dead-end path north, hidden doorway against the right wall
Frostlands|Tomb of the Imperator|End of the dungeon, in the clearing, after you defeat the Boss
Flatlands|Western Noblecourt Flats|Just up the ramp to the left of the Shrine of the Sage
Flatlands|Western Noblecourt Flats|South of the Hollow Throne, directly under a tree
Flatlands|Western Noblecourt Flats|Just north of the Hollow Throne (follow the wall up the hill) behind a rocky spur
Flatlands|Western Noblecourt Flats|In the middle of the field, across from Noblecourt, slightly north of it
Flatlands|Western Noblecourt Flats|Directly east of the entrance to Western Wispermill Flats, against the back wall, partially behind a tree
Sunlands|Western Wellspring Sands|Against the foreground, next to a cactus, directly south of the left-most edge of the lake
Sunlands|Western Wellspring Sands|Through the path (behind the sandy arch, not through it) and hidden in the ray of sunlight left of the arch
Sunlands|Lizardmen's Den|Up the stairs by the first Save Point, then right (hidden path behind the rocks)
Sunlands|Lizardmen's Den|Up the two staircases by the entrance, then right (hidden path against the right wall of the marble floor)
Sunlands|Lizardmen's Den|Down the stairs (slightly hidden) almost directly south of the first Save Point
Sunlands|Lizardmen's Den|Up the stairs by the first Save Point, then left before the smaller staircase (hidden ramp to the left)
Sunlands|Lizardmen's Den|After the first bridge, go immediately down the stairs just below the bridge
Sunlands|Lizardmen's Den|After the first bridge, go south through the grass and down a set of stairs (chest partially hidden in fog)
Sunlands|Lizardmen's Den|Across the stairs from the first bridge, down the path along the cliffside
Sunlands|Lizardmen's Den|After the bridge, go up past the broken pillar, then immediately down the short staircase just above it
Sunlands|Lizardmen's Den|Up the stairs by the final Save Point, around the path, in a small cave in the cliff
Sunlands|Lizardmen's Den|Just up the stairs from the previous chest
Sunlands|Northern Wellspring Sands|Directly left of the entrance from East Sunshade Sands, partially behind a bush
Sunlands|Northern Wellspring Sands|Along the path to Quicksand Caves, near the bend, half-buried in the sand on the left side
Sunlands|Northern Wellspring Sands|Hidden path along the rocks on the bottom of the path, right outside the Quicksand Caves entrance
Sunlands|Northern Wellspring Sands|In a short dead-end to the right of the Injured Scout (opposite side of rocks from Quicksand Caves)
Sunlands|Southern Wellspring Sands|Down the small sand ramp directly across from the entrance
Sunlands|Southern Wellspring Sands|Go around the first u-turn from the entrance, hidden path against the upper wall, gap in the rock on the right
Sunlands|Southern Wellspring Sands|By the Save Point closer to the Black Market, hidden path to the right of the stairs there
Sunlands|Southern Wellspring Sands|Behind all the crates and supplies near the Black Market (entrance is between the two jars lower down)
Sunlands|Eastern Wellspring Sands|Right from the entrance, along the path past the cactus
Sunlands|Eastern Wellspring Sands|Hidden behind the signpost that's up against the cactus, near the middle of the area
Sunlands|Eastern Wellspring Sands|Left and a little down from the signpost, hidden behind the fronds of a palm tree
Sunlands|Eastern Wellspring Sands|Left the the Save Point, then take the small ramp down and follow the path back
Sunlands|Eastern Wellspring Sands|Southeast of the Signpost, in a small clearing, between a cactus and a palm tree
Sunlands|Eastern Marsalim Sands|On the left as you enter, where the two palm trees are, just below the lower palm tree
Sunlands|Eastern Marsalim Sands|Directly right of the signpost, against a lone spire of rock
Sunlands|Eastern Marsalim Sands|Near the stone bridge near Marsalim, on the left side, between the wall and a palm tree
Woodlands|Path to the Forgotten Grotto|Across from the entrance, down the grassy path off the main path
Woodlands|Path to the Forgotten Grotto|Down the grassy path just before the first bridge, to the north
Woodlands|Path to the Forgotten Grotto|To the right after crossing the 2nd bridge, through the grass
Woodlands|The Forgotten Grotto|From the 2nd torch, up the ramp and to the right
Woodlands|The Forgotten Grotto|From the 2nd torch, up the ramp and to the left
Woodlands|The Forgotten Grotto|Halfway down the ramp between the 2nd and 3rd torch, hidden path on the left wall
Woodlands|The Forgotten Grotto|Down from the 6th torch, then right down the ramp (away from the 7th torch)
Woodlands|The Forgotten Grotto|Left of the 6th torch, down the ramps
Woodlands|The Forgotten Grotto|Just through the rock to the right of the 10th torch (across the bridge just above the water)
Woodlands|The Forgotten Grotto|Left of the 10th torch, downward (ignore the upward ramp)
Woodlands|The Forgotten Grotto|Between the 12th and 13th torch, upward path to the back, then to the right
Woodlands|The Forgotten Grotto|End of the Dungeon (automatically opened)
Woodlands|East Victors Hollow Trail|Directly east of the first Signpost, near the entrance from West S'warkii Trail, by a tree
Woodlands|East Victors Hollow Trail|Near the second Signpost (near the Shrine), up the ramp to the left and down a short path
Woodlands|East Victors Hollow Trail|Up the ramp of the chest above, but keep going left (hidden path behind rocks) and follow the winding path
Woodlands|Shrine of the Huntress|Directly to the right of the walkway, against the stone railing
Cliftlands|Derelict Mine|Up the first northern path from the entrance (literally before the Save Point)
Cliftlands|Derelict Mine|Up the north path by the 3rd torch, then left, past the crates
Cliftlands|Derelict Mine|Hidden path in the right wall next to the 5th torch
Cliftlands|Derelict Mine|Left-side path in-between the 5th and 6th torches (visible as you go right from below)
Cliftlands|Derelict Mine|Go left from the 6th torch, and ignore the upward torch-lit path, keep going left
Cliftlands|Derelict Mine|In the final clearing, after you've defeated the Boss
Cliftlands|Derelict Mine|Across from the entrance from South Bolderfall Pass, before the bridge
Cliftlands|Derelict Mine|Left at the Signpost, then right when the path meets the back cliff (hidden path to the right)
Cliftlands|Derelict Mine|Across the bridge over the Shrine, nestled against the rocks south of the bridge
Coastlands|Moonstruck Coast|Right near the entrance from North Stonegard Pass, half-hidden in tall grass
Coastlands|Moonstruck Coast|East of the Signpost, half-buried in the sand on the beach
Coastlands|Moonstruck Coast|Just south of the Shrine of the Trader, behind a rock, against the waterline
Coastlands|Moonstruck Coast|Up the stone ramp, right near the Save Point
Coastlands|West Goldshore Coast|On the beach, just south of the Unsavory Man not far from the entrance from Moonstruck Coast
Coastlands|West Goldshore Coast|On an outcrop of rock, west of the Knowledgable Traveler near Goldshore, across the first bridge from town
Coastlands|West Goldshore Coast|Just below the entrance from West Grandport Coast, down a pair of small ramps
Coastlands|West Goldshore Coast|Across from the entrance to Captain's Bane, on the opposite beach
Coastlands|Captains' Bane|Right of the 2nd torch, down when the path branches
Coastlands|Captains' Bane|Right of the 2nd torch, up when the path branches
Coastlands|Captains' Bane|Southwest of the 3rd torch (hidden path through the rock)
Coastlands|Captains' Bane|Just past the 5th torch, hidden path in right wall (the foggy upper-right corner)
Coastlands|Captains' Bane|Up the ramp just past the 7th torch, then hidden path to the right
Coastlands|Captains' Bane|South of the last Save Point, end of the dead-end path
Coastlands|Road to the Seaside Grotto|Take the ramp below the first Save Point, onto the beach, and look near the far edge, behind the rocks
Coastlands|Road to the Seaside Grotto|Up the first ramp by the first Save Point, then take the downward path, following the ramp onto the beach
Coastlands|Road to the Seaside Grotto|Where the first downward path goes to the left, keep going down and around the rocks
Coastlands|Road to the Seaside Grotto|Up the ramps from the first Save Point
Coastlands|Road to the Seaside Grotto|After the stone 'bridge' of ramps halfway towards the dungeon, slightly hidden lower ramp as you go back down
Flatlands|Obsidian Manse|Left of the first stairwell as you enter, across from the entrance
Flatlands|Obsidian Manse|In the first room at the top of the stairs, through a doorway on the right, then through a second room
Flatlands|Obsidian Manse|Second room from the entrance, behind a desk near the corner
Flatlands|Obsidian Manse|Down the stairs between either door to the 2nd room, left through the first-floor doorway, against the back wall
Flatlands|Obsidian Manse|Behind the Save Point near the entrance to the Back Half of the Manse, hidden door along the wall left of the Save Point
Flatlands|Obsidian Manse|Up the right stairs, then down the stairs in back, chest is against the back wall, under the light
Flatlands|Obsidian Manse|Behind the counter against the far right wall
Flatlands|Obsidian Manse|Doorway left of the stacks of barrels (hidden against left wall), chest in darkened storage room there
Flatlands|Obsidian Manse|Left of the Save Point, on a small balcony past the final doorway
Flatlands|Western Wispermill Flats|At the signpost, go right, chest is against a low ledge, near the section of broken wall
Flatlands|Western Wispermill Flats|Along the path to Wispermill, ramp near the red flag
Flatlands|Western Wispermill Flats|Along the path to Wispermill, when the path forks, go right
Flatlands|Ebony Grotto|Up from the first Save Point, then stay left as you go up
Flatlands|Ebony Grotto|Up from the first Save Point, right at the fork, then immediately right between the two big stalagmites
Flatlands|Ebony Grotto|Up the ramp from the 3rd torch, then right through the hole in the rock
Flatlands|Ebony Grotto|Left of the 5th torch, hidden ramp in the left wall
Flatlands|Ebony Grotto|Directly to your right as you enter the second half
Flatlands|Ebony Grotto|Go right of the first Save Point here, then down the small ramp and back around
Flatlands|Ebony Grotto|At the 3rd torch, go down the ramp to the left
Flatlands|Ebony Grotto|Down and a little right from the 5th torch, hidden ramp in the rocks
Flatlands|Ebony Grotto|Up the ramp by the 5th torch, then follow the path left
Flatlands|Ebony Grotto|Hidden ramp between 5th and 6th torch, right side (closer to 6th torch)
Flatlands|Ebony Grotto|Ramp between 8th and 9th torches, left side, u-turn left when you hit the paved part of the path
Flatlands|Ebony Grotto|At the 10th torch, go down, then at the fork, keep going down
Flatlands|Shrine of the Starseer|After the 4th torch, u-turn and go back along the upper path
Flatlands|Shrine of the Starseer|Left from the 4th torch, follow the path around and up the ramp
Flatlands|Shrine of the Starseer|Left from the 6th torch, follow the path around
Flatlands|Shrine of the Starseer|Up the narrow path north of the 6th torch
Flatlands|Forest of Purgation|Right by the 1st Save Point, just a little north of it
Flatlands|Forest of Purgation|Up from the 1st torch, then left through a hidden gap in the wall
Flatlands|Forest of Purgation|Across the first bridge, keep going left and up the ramp
Flatlands|Forest of Purgation|To the right of the 5th torch, near a pine tree
Flatlands|Forest of Purgation|9th torch, hidden gap in the left wall, then go down
Flatlands|Forest of Purgation|Halfway between the 10th torch and last Save Point, go down, then right
Frostlands|Trail to the Whitewood|South after the bridge near the entrance (faintly visible as you enter the Trail)
Frostlands|Trail to the Whitewood|In a small turn just before the second bridge, mostly hidden by the slope of the path
Frostlands|The Whitewood|Immediately on the left as you enter, at the end of a dead-end path
Frostlands|The Whitewood|As you reach the first branch in the path, go up, chest is just around the corner
Frostlands|The Whitewood|When the path branches at the 4th torch, take the lower path past the broken fence, chest is at the end
Frostlands|The Whitewood|Up the ramp by the 5th torch (path partially hidden by a rock outcropping)
Frostlands|The Whitewood|Down a small ramp just past the 6th torch (ramp is partially hidden behind a rock)
Frostlands|The Whitewood|Down a ramp to the right of the 8th torch
Frostlands|The Whitewood|In the final clearing, behind the rock to the left of the plants growing in the illuminated of the clearing
Frostlands|Maw of the Ice Dragon|Down the ramp near the 3rd torch, on the right
Frostlands|Maw of the Ice Dragon|Right from the 4th torch, then down the ramp on the right at the fork
Frostlands|Maw of the Ice Dragon|Right from the 4th torch, then down the south path
Frostlands|Maw of the Ice Dragon|Left of the 6th torch, down the ramp, then u-turn into the hidden ramp in the wall
Frostlands|Maw of the Ice Dragon|Just north of the 7th torch, then up the ramp on the right
Frostlands|Maw of the Ice Dragon|Down the ramp left of the 7th torch, then up the north path
Frostlands|Maw of the Ice Dragon|In the clearing at the dungeon's end
Frostlands|Southern Northreach Wilds|After you start ascending the hill, when the path swings back left, keep going right
Frostlands|Southern Northreach Wilds|After going through all the arches, and the path goes right again, keep going left
Frostlands|Southern Northreach Wilds|Directly west of the bridge leading to Northreach
Frostlands|Southern Northreach Wilds|Directly east of the bridge leading to Northreach, next to the broken pillar
Frostlands|Lorn Cathedral: Cellars|Right from the first Save Point, down the stairs, through the arches in back
Frostlands|Lorn Cathedral: Cellars|By the 2nd torch, against the railing, before you go down the stairs further
Frostlands|Lorn Cathedral: Cellars|At the 3rd torch, go down the stairs, then follow the stairs right, and the chest is partially hidden behind the end wall
Frostlands|Lorn Cathedral: Cellars|Down the stairs at the bottom, between the 4th and 5th torches
Frostlands|Lorn Cathedral: Cellars|Up the stairs with the statue and twin torches, hidden opening on the right wall to reach the chest
Frostlands|Lorn Cathedral: Cellars|Down the stairs, and into the room-turned-alcove
Frostlands|Lorn Cathedral: Cellars|Avoid the stairs and go left along the balcony, then left through a hidden doorway and down some stairs
Frostlands|Lorn Cathedral: Cellars|After going down 2 sets of stairs, ignore the 3rd and go into the carpeted area on the left
Frostlands|Lorn Cathedral: Cellars|From the lowest floor, up the northern stairs, through the doorway and left, then up the stairs again
Frostlands|Lorn Cathedral: Cellars|From the previous chest, hidden path in the right wall to the clearing with the chest
Frostlands|Lorn Cathedral: Cellars|From that previous chest, go back into the doorway, hidden path continues in a ramp to the right
Sunlands|Quicksand Caves|Down the ramp across from the 2nd torch
Sunlands|Quicksand Caves|Path north between the 2nd & 3rd torches, then hidden path on the right up the ramp
Sunlands|Quicksand Caves|Down a small ramp before the 4th torch, on the right, in the clearing
Sunlands|Quicksand Caves|Hidden path after the 4th torch, through the arches on the right, up the ramp
Sunlands|Quicksand Caves|Down a short path from the 6th torch
Sunlands|Quicksand Caves|Up the ramp by the 6th torch, then left through a hidden path in the wall
Sunlands|Black Market|Right as you enter, hidden ramp against the right wall on the first floor
Sunlands|Black Market|Hidden path, just north of the 1st torch as you make your way left
Sunlands|Black Market|Down the southern path from the 4th torch (where the first 'intersection' is along the main path)
Sunlands|Black Market|At the 5th torch, ignore the ramp and go right, through the hidden path in the rock, down the ramp
Sunlands|Black Market|Left of the 2nd Save Point along the main path
Sunlands|Black Market|At the 7th torch, follow the left path to the end
Sunlands|Black Market|When the room splits into two paths, then rejoins, there's a hidden path behind the rock across from the upwards ramp
Sunlands|Black Market|Along the torch-less side of the path on the north, ramp leading upward
Sunlands|Black Market|North of the final Save Point (can only be gotten after Therion's Chapter 3)
Sunlands|Grimsand Road|Along the southern edge, through a gap in the rocks with cacti on either side
Sunlands|Grimsand Road|Through the arch in the upper-left corner of the map, near the rocks on the right
Sunlands|Grimsand Road|Through the arch leading to the Ruins, then right through the two large pillars
Sunlands|Grimsand Ruins|Down the first set of stairs, inside the room you find there
Sunlands|Grimsand Ruins|From the 5th torch, head up and into the small alcove
Sunlands|Grimsand Ruins|In the room next to the 9th and 10th torches (stairs down to the chapter-specific ruins area)
Sunlands|Grimsand Ruins|After the first set of stairs, keep going down the second set immediately next to it
Sunlands|Grimsand Ruins|Follow the path around after descending the stairs, chest is against the stairs on the right side
Sunlands|Grimsand Ruins|Down the stairs (rather difficult to miss once you're there)
Sunlands|Grimsand Ruins|Before the stairs with the fancy torches, take the path to the left, and down a smaller set of stairs
Sunlands|Grimsand Ruins|Down the stairs from the fancy torches, then in the fog on the left (slightly higher up than the torch, down a hidden slope)
Sunlands|Grimsand Ruins|From the previous chest, hidden ramp in the left wall (it goes left, then upward, then right)
Sunlands|Grimsand Ruins|Past the angel statue, hidden in the dust of the broken pillars behind it
Sunlands|Grimsand Ruins|In the bottom-left corner of the square with the second angel statue
Sunlands|Grimsand Ruins|To the right of the 3rd angel statue, down the stairs, next to the sand pile
Sunlands|Grimsand Ruins|Left of the 2nd Save Point, down, then down the little stairs, then down again, chest hidden by rock
Sunlands|Grimsand Ruins|From the previous chest, up, then right of the stairs, hidden path to the right
Sunlands|Grimsand Ruins|In the upper-left corner of the square with the 4th angel statue
Sunlands|Grimsand Ruins|Up the stairs to the chest at the end
Sunlands|Marsalim Catacombs|After the 1st Save Point, up the stairs and against the back wall (obscured by dust)
Sunlands|Marsalim Catacombs|From the previous chest, down the small stairs, hidden doorway on the right wall
Sunlands|Marsalim Catacombs|In the boss clearing by the twin torches, near-buried in the sand in the back
Sunlands|Marsalim Catacombs|Down the left staircase after boss, then into the alcove, hidden ramp in right wall
Sunlands|Marsalim Catacombs|Down the left staircase after boss, then left, past the arch, then down the path around the balcony
Sunlands|Marsalim Catacombs|From previous chest, up to the wall, then left through a hidden doorway
Sunlands|Marsalim Catacombs|Down the right staircase after boss, then right when the path forks
Sunlands|Marsalim Catacombs|Down the right staircase after boss, then down when the path forks
Highlands|Everhold Amphitheatre: Arena|Up the stairs left of the Save Point, then to the right
Highlands|Everhold Amphitheatre: Arena|Up the stairs left of the Save Point, then inside the room to the left
Highlands|Everhold Amphitheatre: Arena|Inside the 2nd room on the 1st floor, left of the Save Point
Highlands|Everhold Amphitheatre: Arena|Left-most room on the 1st floor, against the back wall
Highlands|Everhold Amphitheatre: Arena|Room on the 2nd floor, in the upper-left corner
Highlands|Everhold Amphitheatre: Arena|In the room on the 1st floor, against the back wall
Highlands|Everhold Amphitheatre: Arena|Left-most room on the 2nd floor, against the back wall
Highlands|Everhold Amphitheatre: Arena|Right-most room in the 2nd floor, against the back wall
Highlands|Everhold Amphitheatre: Balcony|In the 1st room by the entrance, then hidden doorway on the right wall, upper corner
Highlands|Everhold Amphitheatre: Balcony|In the right-most room on the 1st floor, against the left wall
Highlands|Everhold Amphitheatre: Balcony|2nd floor, against the right-hand wall, in the corner with the Save Point
Highlands|Everhold Amphitheatre: Balcony|2nd floor, balcony from the back half, in the left-hand room
Highlands|Everhold Amphitheatre: Balcony|In the right-most room, near the left-hand wall
Highlands|Everhold Amphitheatre: Balcony|Against the back wall in the open room by the Save Point
Highlands|Everhold Tunnels|Right by the entrance, hidden behind the right-most pillar of the arches right by the entrance
Highlands|Everhold Tunnels|Up the farther-back set of stairs by the 1st Save Point, then up the next set of stairs
Highlands|Everhold Tunnels|At the 4th torch, hidden door immediately left of the stairs, chest is in the room up the ramp
Highlands|Everhold Tunnels|Down the two sets of stairs from the 5th torch, then left
Highlands|Everhold Tunnels|Up the arch with the stairs in back by the 6th torch, then left through the hidden door in the wall
Highlands|Everhold Tunnels|Down the stairs by the 6th torch, then down the second stair set, and then left
Highlands|Everhold Tunnels|Past the boss clearing, then down the stairs
Highlands|Everhold Tunnels|In the boss clearing, on the right-hand side
Highlands|Yvon's Birthplace|(Missable) During Cyrus' Chapter 3, inside the small pit Cyrus ends up in for a short time
Highlands|Yvon's Birthplace|2nd floor, left-most room, against the back wall, between the fireplace and the bed
Highlands|Yvon's Cellar|Left of the entrance, down the stairs
Highlands|Yvon's Cellar|From the chest above, right wall is a hidden path to the balcony below
Highlands|Yvon's Cellar|Through the room right of the entrance, out the other door and down the stairs
Highlands|Yvon's Cellar|Down the stairs immediately right of the first Save Point, by a stack of boxes
Highlands|Yvon's Cellar|Down to the 1st floor, room on the left, against the right wall
Highlands|Yvon's Cellar|Past the two 1st-floor rooms, up the stairs, inside the room on the right
Highlands|Yvon's Cellar|Top of the stairs near the final chamber, inside the room there, near the chalkboard
Highlands|West Everhold Pass|On the right from the entrance and a little down, partially hidden behind a purple standard
Highlands|West Everhold Pass|At the stone bridge, go downward instead
Highlands|West Everhold Pass|From the Save Point, down the right ramp, then down the left ramp, then u-turn at the fork
Highlands|West Everhold Pass|From the Save Point, up 3 sets of stairs, then down the path before the 4th one
Highlands|West Everhold Pass|From Everhold, before going down the 2nd set of large left stairs, go down and follow the path
Highlands|Shrine of the Runeblade|Near the 4th torch, just to the north of it
Highlands|Shrine of the Runeblade|Down the ramp right of the torch-lit staircase, all the way in the back
Highlands|Shrine of the Runeblade|From the previous chest, before it ramps back up, there's a ramp to the right
Coastlands|West Grandport Coast|From Goldshore Coast, left at the first fork in the path
Coastlands|West Grandport Coast|From Goldshore Coast, right at the 1st fork, then down at the 2nd one
Coastlands|West Grandport Coast|Down from the signpost, onto the pier, at the pier's end
Coastlands|West Grandport Coast|Up the bridge by the signpost, then right
Coastlands|Seaside Grotto|Down the path south of the 1st torch by the entrance
Coastlands|Seaside Grotto|After you cross the first bridge, go up, around, and through the hidden path on the left wall
Coastlands|Seaside Grotto|Left of the 2nd Save Point, then down the ramp, hidden path in right wall
Coastlands|Seaside Grotto|Across the 2nd bridge, along the narrow path north
Coastlands|Seaside Grotto|In an alcove across from the 2nd bridge, by the 10th torch
Coastlands|Seaside Grotto|Just before crossing the final bridge, downward ramp onto a lower path
Coastlands|Seaside Grotto|Down a small ramp just below the final Save Point, along a short path
Coastlands|Grandport Sewers|After the first branch in the path, go right, then down the stairs under the bridge you just crossed
Coastlands|Grandport Sewers|North of the 3rd torch, against the upper edge, next to a section of iron fence
Coastlands|Grandport Sewers|From the previous chest, hidden path in the left wall
Coastlands|Grandport Sewers|From the 4th torch, all the way down, then to the right
Coastlands|Grandport Sewers|Down from the 2nd Save Point, all the way down the sets of stairs
Coastlands|Grandport Sewers|Down the stairs and to the left
Coastlands|Grandport Sewers|Down immediately from the entrance, down the short staircase, then left
Coastlands|Grandport Sewers|Left of the 2nd torch, up the stairs, then ignore the next stairs and go left, behind the arches
Coastlands|Grandport Sewers|From the previous chest, hidden ramp in the left wall
Coastlands|Grandport Sewers|From the 3rd torch, down 2 sets of stairs, then through the right wall before the 3rd stairs
Coastlands|Grandport Sewers|From the large path up to the waterfall, go left before going up, then up those stairs
Coastlands|Grandport Sewers|Left of the 4th torch, amongst the supplies
Coastlands|Loch of the Lost King|Before the 2nd torch, go right and up the ramp
Coastlands|Loch of the Lost King|From the 1st Save Point, left-most path (without the torch) then back down the ramp
Coastlands|Loch of the Lost King|Right of the Save Point, around the spire of rock, then u-turn up the ramp
Coastlands|Loch of the Lost King|From previous chest, down the ramp, up the bridge, then follow the path to the right
Coastlands|Loch of the Lost King|After crossing the first bridge (2nd torch), immediate left down the ramp
Coastlands|Loch of the Lost King|By the 5th torch, ignore the ramp up to the 6th torch, hidden arch in left wall
Coastlands|Loch of the Lost King|After the 8th torch, u-turn and go up the upper-most path
Coastlands|Loch of the Lost King|At the very back of the cavern, in the boss clearing
Woodlands|Shrine of the Archmagus|At the 1st Save Point, go to the left
Woodlands|Shrine of the Archmagus|Down the path south of the 5th torch, then left
Woodlands|Shrine of the Archmagus|To the right of the 7th torch, in the sunlight
Woodlands|Shrine of the Archmagus|Up from the 9th torch, through the arch, then to the right, into the grassy area
Woodlands|Shrine of the Archmagus|South of the 11th torch, end of the short path
Woodlands|Shrine of the Archmagus|Up the path to the right, when it forks by the 12th torch, in the grassy, sunlit area at the end
Woodlands|Forest of No Return|Right across from the entrance
Woodlands|Forest of No Return|Up from the first Save Point, then immediately on your right
Woodlands|Forest of No Return|Right (up) at the first fork in the path, keep going up into the campsite area
Woodlands|Forest of No Return|Up the ramp by the 1st Save Point, then go left
Woodlands|Forest of No Return|Down the ramp from the 6th torch, hidden partially behind a bush
Woodlands|Forest of No Return|From the previous chest, go left, stay above the 7th torch, hidden ramp just next to it
Woodlands|East Duskbarrow Trail|From Duskbarrow, go down just before the 1st Save Point
Woodlands|East Duskbarrow Trail|From East Victor's Hollow, go down just before the 1st fork
Woodlands|East Duskbarrow Trail|From the first fork, go left along the narrow path
Woodlands|East Duskbarrow Trail|Along the path to the Shrine of the Archmagus
Woodlands|Moldering Ruins|From the Save Point, down the stairs, then down, left at the torch through the arch, then left
Woodlands|Moldering Ruins|Up the first set of upward stairs from the Save Point
Woodlands|Moldering Ruins|Down the ramp below the 3rd torch
Woodlands|Moldering Ruins|Up the stairs by the 7th torch, then all the way to the left
Woodlands|Moldering Ruins|Up the stairs by the 7th torch, then all the way to the right
Woodlands|Moldering Ruins|Up the stairs by the 7th torch, then down the lower path on the right
Woodlands|Moldering Ruins|Through the arches below the 8th torch, then left
Cliftlands|South Orewell Pass|Narrow ramp near the entrance, across from a dead tree, then go right
Cliftlands|South Orewell Pass|After crossing the bridge, go down the right path, past the green flag
Cliftlands|South Orewell Pass|Go north, towards Dragonsong Fane, then right at the fork and follow the path
Cliftlands|South Orewell Pass|Down the ramp near the Save Point close to Orewell
Cliftlands|Trail to the Forest of Rubeh|Down the ramp across from the entrance, before the first Save Point
Cliftlands|Trail to the Forest of Rubeh|At the fork, take the downward path
Cliftlands|Trail to the Forest of Rubeh|After you cross the bridge, go down the ramp south of it
Cliftlands|Forest of Rubeh|Directly south of the 2nd torch (on your right as you walk in, against the lower wall)
Cliftlands|Forest of Rubeh|Path directly east of the 2nd torch, follow it up the cliff
Cliftlands|Forest of Rubeh|Down the path towards the right-most part of the forest, large ramp halfway down
Cliftlands|Forest of Rubeh|Slightly hidden path just north of the first Save Point, near the broken pillar
Cliftlands|Forest of Rubeh|Across the bridge, immediately below it, by the tree
Cliftlands|Forest of Rubeh|Left side of the middle path, tucked against the back of a narrow tree
Cliftlands|Forest of Rubeh|Middle path, ramp across from the first torch as you go down the path
Cliftlands|Forest of Rubeh|Left-side path, left of the first tree (hidden by some foreground rocks)
Cliftlands|Forest of Rubeh|Left-side path, path by the 3rd tree down the path, heading right
Cliftlands|Forest of Rubeh|Left-side path, hidden path on right side (small section of wall in front of it)
Cliftlands|Forest of Rubeh|Directly across from the entrance to that section of the forest
Cliftlands|Forest of Rubeh|Hidden path against the right-side wall
Cliftlands|Forest of Rubeh|Follow the path after entering that part of the forest
Cliftlands|Forest of Rubeh|At the 3rd torch, take the left path (not the ramp)
Cliftlands|Forest of Rubeh|From the previous chest, keep going right (hidden path under arch)
Cliftlands|Forest of Rubeh|Upper path between the 4th and 5th torches, immediate left behind the section of wall
Cliftlands|Forest of Rubeh|Upper path between the 4th and 5th torches, follow all the way around the back
Cliftlands|Forest of Rubeh|At the final Save Point, ignore the ramp and go to the right, along the path
Riverlands|North Riverford Traverse|Across from the Shrine of the Warbringer entrance
Riverlands|North Riverford Traverse|From the Save Point near Riverford, hidden path just south, follow all the way to the left
Riverlands|North Riverford Traverse|From the Save Point near Riverford, hidden path just south, go down, then left
Riverlands|Hidden Path|After the first bridge, go down the two sets of stairs and up the path along the water
Riverlands|Hidden Path|At the second bridge, hidden path against the right wall that leads further right
Riverlands|Hidden Path|All the way up the path before the second bridge, chest hidden behind some crates
Riverlands|Hidden Path|After crossing the second bridge, take the first stairs downward
Riverlands|Hidden Path|At the 2nd Save Point, go right, through a hidden tunnel against the right wall
Riverlands|Hidden Path|Down from the 2nd Save Point, then left and descend the short staircase
Riverlands|Hidden Path|Directly south of the stairs into the Lord's Manse, down another set of stairs, behind a bit of wall
Riverlands|Lord's Manse|On the first floor, against the wall (visible from the Save Point)
Riverlands|Lord's Manse|From the first Save Point, follow the first floor hall all the way right, chest is against the back wall
Riverlands|Lord's Manse|In the first room on the 2nd floor, in the back-left corner by the window
Riverlands|Lord's Manse|In the second room on the 2nd floor (the one you have to go past doorway and up the stairs for)
Riverlands|Lord's Manse|Up the stairs left of the Save Point, then straight down into a small balcony
Riverlands|Lord's Manse|Up the stairs right of the Save Point, chest is in the lower-left corner, past the tables
Riverlands|Lord's Manse|Up the stairs right of the Save Point, follow the balcony around, past the room, and up the side
Riverlands|Lord's Manse|Up the stairs right of the Save Point, through that room, then doorway on the left side
Riverlands|Lord's Manse|Against the far left wall, before the stairs to the next Wing
Riverlands|Lord's Manse|Upper-left corner of the hall (visible as you enter)
Riverlands|Shrine of the Warbringer|Slightly hidden ramp below the gap between the 3rd and 4th torches
Riverlands|Shrine of the Warbringer|Left at the 6th torch
Riverlands|Shrine of the Warbringer|At the 7th torch, go right
Riverlands|Shrine of the Warbringer|Left at the 7th torch, then up the ramp on the right
Riverlands|Shrine of the Warbringer|Top of the ramp by the 8th torch, hidden path in the left wall